"
                        1 Bedroom
                            –
2 Bedrooms                    ","
                        1 Bedroom
                            –
3 Bedrooms                    ","
                        Studio
                            –
2 Bedrooms                    ",1 Bedroom,2 Bedrooms,3 Bedrooms,4 Bedrooms,4+ Bedrooms,Bedroom_Info,City_Rent,Property_Name_Rent,State_Rent,Studio,Type,Zip_code
,,,,,"$2,150 ",,,"[{'bedroom_type': '3 Bedrooms', 'price': '$2,150 '}]",Santa Maria,Refugio,CA,,Apartment,93455
,,,"$1,754 ","$2,078 ","$3,049 ",,,"[{'bedroom_type': '1 Bedroom', 'price': '$1,754 '}, {'bedroom_type': '2 Bedrooms', 'price': '$2,078 '}, {'bedroom_type': '3 Bedrooms', 'price': '$3,049 '}]",Roseville,Campus Oaks Apartments,CA,,Apartment,95747
,,,"$3,759 ","$4,484 ",,,,"[{'bedroom_type': 'Studio', 'price': '$3,219 '}, {'bedroom_type': '1 Bedroom', 'price': '$3,759 '}, {'bedroom_type': '2 Bedrooms', 'price': '$4,484 '}]",Redwood City,Huxley,CA,"$3,219 ",Apartment,94063
,,,"$1,630 ","$2,195 ","$2,550 ",,,"[{'bedroom_type': '1 Bedroom', 'price': '$1,630 '}, {'bedroom_type': '2 Bedrooms', 'price': '$2,195 '}, {'bedroom_type': '3 Bedrooms', 'price': '$2,550 '}]",Corona,Terrano,CA,,Apartment,92883
,,,"$1,851 ","$2,104 ",,,,"[{'bedroom_type': 'Studio', 'price': '$1,358 '}, {'bedroom_type': '1 Bedroom', 'price': '$1,851 '}, {'bedroom_type': '2 Bedrooms', 'price': '$2,104 '}]",Vista,Creekside Apartments,CA,"$1,358 ",Apartment,92083
,,,"$2,144 ","$2,446 ","$3,365 ",,,"[{'bedroom_type': '1 Bedroom', 'price': '$2,144 '}, {'bedroom_type': '2 Bedrooms', 'price': '$2,446 '}, {'bedroom_type': '3 Bedrooms', 'price': '$3,365 '}]",Camarillo,Andorra Apartments,CA,,Apartment,93012
,,,"$2,150 ","$2,340 ","$2,875 ","$3,145 ",,"[{'bedroom_type': '1 Bedroom', 'price': '$2,150 '}, {'bedroom_type': '2 Bedrooms', 'price': '$2,340 '}, {'bedroom_type': '3 Bedrooms', 'price': '$2,875 '}, {'bedroom_type': '4 Bedrooms', 'price': '$3,145 '}]",Chino Hills,Santa Barbara At Chino Hills,CA,,Apartment,91709
,,,,,,,,"[{'bedroom_type': '\r\n                        1 Bedroom\r\n                            –\r\n3 Bedrooms                    ', 'price': ''}]",Folsom,Pique at Iron Point,CA,,Apartment,95630
,,,,"$3,730 ","$4,102 ",,,"[{'bedroom_type': '2 Bedrooms', 'price': '$3,730 '}, {'bedroom_type': '3 Bedrooms', 'price': '$4,102 '}]",Los Angeles,Windsor Square Villas,CA,,Apartment,90005
,,,"$1,795 ","$2,125 ",,,,"[{'bedroom_type': '1 Bedroom', 'price': '$1,795 '}, {'bedroom_type': '2 Bedrooms', 'price': '$2,125 '}, {'bedroom_type': '3 Bedrooms', 'price': ''}]",Paso Robles,Blue Oak,CA,,Apartment,93446
,,,,"$7,450 ","$17,000 ",,,"[{'bedroom_type': '2 Bedrooms', 'price': '$7,450 '}, {'bedroom_type': '3 Bedrooms', 'price': '$17,000 '}, {'bedroom_type': '4+ Bedrooms', 'price': ''}]",Palo Alto,430 Forest Avenue,CA,,Apartment,94301
,,,"$1,725 ","$1,825 ","$2,340 ",,,"[{'bedroom_type': '1 Bedroom', 'price': '$1,725 '}, {'bedroom_type': '2 Bedrooms', 'price': '$1,825 '}, {'bedroom_type': '3 Bedrooms', 'price': '$2,340 '}]",Huntington Beach,Ocean Breeze Villas,CA,,Apartment,92647
,,,"$1,835 ","$2,285 ",,,,"[{'bedroom_type': '1 Bedroom', 'price': '$1,835 '}, {'bedroom_type': '2 Bedrooms', 'price': '$2,285 '}]",Laguna Hills,Aliso Town Center Apartment Homes,CA,,Apartment,92656
,,,"$2,326 ","$2,758 ",,,,"[{'bedroom_type': '1 Bedroom', 'price': '$2,326 '}, {'bedroom_type': '2 Bedrooms', 'price': '$2,758 '}]",San Jose,eaves San Jose,CA,,Apartment,95132
,,,,"$1,695 ","$1,840 ",,,"[{'bedroom_type': 'Studio', 'price': '$1,055 '}, {'bedroom_type': '1 Bedroom', 'price': ''}, {'bedroom_type': '2 Bedrooms', 'price': '$1,695 '}, {'bedroom_type': '3 Bedrooms', 'price': '$1,840 '}]",La Habra,La Habra Hill Apartments,CA,"$1,055 ",Apartment,90631
,,,"$1,529 ","$2,049 ",,,,"[{'bedroom_type': '1 Bedroom', 'price': '$1,529 '}, {'bedroom_type': '2 Bedrooms', 'price': '$2,049 '}]",Vista,Shadowridge Summerwind,CA,,Apartment,92081
,,,"$1,640 ","$1,945 ",,,,"[{'bedroom_type': '1 Bedroom', 'price': '$1,640 '}, {'bedroom_type': '2 Bedrooms', 'price': '$1,945 '}]",Fullerton,Uptown Fullerton,CA,,Apartment,92835
,,,,"$1,710 ","$2,040 ",,,"[{'bedroom_type': '2 Bedrooms', 'price': '$1,710 '}, {'bedroom_type': '3 Bedrooms', 'price': '$2,040 '}, {'bedroom_type': '4 Bedrooms', 'price': ''}]",Anaheim,Tara Hill Apartments,CA,,Apartment,92801
,,,"$3,252 ","$3,542 ","$4,599 ",,,"[{'bedroom_type': '1 Bedroom', 'price': '$3,252 '}, {'bedroom_type': '2 Bedrooms', 'price': '$3,542 '}, {'bedroom_type': '3 Bedrooms', 'price': '$4,599 '}]",Sunnyvale,Avana Sunnyvale,CA,,Apartment,94085
,,,"$2,399 ","$3,209 ",,,,"[{'bedroom_type': 'Studio', 'price': '$2,149 '}, {'bedroom_type': '1 Bedroom', 'price': '$2,399 '}, {'bedroom_type': '2 Bedrooms', 'price': '$3,209 '}]",San Francisco,Lakewood Apartments at Lake Merced,CA,"$2,149 ",Apartment,94132
,,,,,,,,"[{'bedroom_type': '\r\n                        1 Bedroom\r\n                            –\r\n2 Bedrooms                    ', 'price': ''}]",Folsom,The Legends At Willow Creek,CA,,Apartment,95630
,,,"$1,850 ","$2,505 ",,,,"[{'bedroom_type': '1 Bedroom', 'price': '$1,850 '}, {'bedroom_type': '2 Bedrooms', 'price': '$2,505 '}]",Sherman Oaks,The Grand,CA,,Apartment,91403
,,,"$1,699 ","$1,932 ",,,,"[{'bedroom_type': '1 Bedroom', 'price': '$1,699 '}, {'bedroom_type': '2 Bedrooms', 'price': '$1,932 '}, {'bedroom_type': '3 Bedrooms', 'price': ''}]",Chino Hills,The Heights at Chino Hills,CA,,Apartment,91709
,,,,"$2,595 ",,,,"[{'bedroom_type': '1 Bedroom', 'price': ''}, {'bedroom_type': '2 Bedrooms', 'price': '$2,595 '}]",Los Alamitos,Ascent Apartment Homes,CA,,Apartment,90720
,,,"$1,760 ","$1,980 ",,,,"[{'bedroom_type': '1 Bedroom', 'price': '$1,760 '}, {'bedroom_type': '2 Bedrooms', 'price': '$1,980 '}]",San Diego,Prado Apartments,CA,,Apartment,92108
,,,"$2,630 ","$2,847 ",,,,"[{'bedroom_type': 'Studio', 'price': '$2,098 '}, {'bedroom_type': '1 Bedroom', 'price': '$2,630 '}, {'bedroom_type': '2 Bedrooms', 'price': '$2,847 '}]",San Rafael,The Lofts at Albert Park,CA,"$2,098 ",Apartment,94901
,,,"$1,418 ","$1,514 ",,,,"[{'bedroom_type': '1 Bedroom', 'price': '$1,418 '}, {'bedroom_type': '2 Bedrooms', 'price': '$1,514 '}]",Via,Country Hills,Co,,Apartment,rona
,,,"$1,740 ","$2,305 ",,,,"[{'bedroom_type': '1 Bedroom', 'price': '$1,740 '}, {'bedroom_type': '2 Bedrooms', 'price': '$2,305 '}]",Anaheim Hills,Sycamore Canyon Apartment Homes,CA,,Apartment,92808
,,,"$2,059 ","$2,599 ",,,,"[{'bedroom_type': '1 Bedroom', 'price': '$2,059 '}, {'bedroom_type': '2 Bedrooms', 'price': '$2,599 '}]",Long Beach,Camden Harbor View,CA,,Apartment,90802
,,,"$2,797 ","$3,259 ",,,,"[{'bedroom_type': 'Studio', 'price': '$2,508 '}, {'bedroom_type': '1 Bedroom', 'price': '$2,797 '}, {'bedroom_type': '2 Bedrooms', 'price': '$3,259 '}]",Santa Monica,Living at Santa Monica,CA,"$2,508 ",Apartment,90401
,,,,,,,,"[{'bedroom_type': '1 Bedroom', 'price': ''}, {'bedroom_type': '2 Bedrooms', 'price': ''}]",Sacramento,Fountain Grove Apartments,CA,,Apartment,95842
,,,"$1,675 ","$2,125 ",,,,"[{'bedroom_type': '1 Bedroom', 'price': '$1,675 '}, {'bedroom_type': '2 Bedrooms', 'price': '$2,125 '}]",San Marcos,The Avenue at San Marcos,CA,,Apartment,92078
,,,"$2,165 ","$2,488 ",,,,"[{'bedroom_type': 'Studio', 'price': '$1,800 '}, {'bedroom_type': '1 Bedroom', 'price': '$2,165 '}, {'bedroom_type': '2 Bedrooms', 'price': '$2,488 '}, {'bedroom_type': '3 Bedrooms', 'price': ''}]",Fremont,Pebble Creek Communities,CA,"$1,800 ",Apartment,94538
,,,"$1,777 ",,,,,"[{'bedroom_type': '1 Bedroom', 'price': '$1,777 '}, {'bedroom_type': '2 Bedrooms', 'price': ''}]",Artesia,eaves Cerritos,CA,,Apartment,90701
,,,"$2,853 ","$4,702 ",,,,"[{'bedroom_type': '1 Bedroom', 'price': '$2,853 '}, {'bedroom_type': '2 Bedrooms', 'price': '$4,702 '}]",Los Angeles,717 Olympic,CA,,Apartment,90015
,,,"$2,275 ","$2,645 ","$3,193 ",,,"[{'bedroom_type': '1 Bedroom', 'price': '$2,275 '}, {'bedroom_type': '2 Bedrooms', 'price': '$2,645 '}, {'bedroom_type': '3 Bedrooms', 'price': '$3,193 '}]",San Jose,Monterey Grove Apartments,CA,,Apartment,95138
,,,,,,,,"[{'bedroom_type': '1 Bedroom', 'price': ''}, {'bedroom_type': '2 Bedrooms', 'price': ''}]",Campbell,Sedona Lane Apartments,CA,,Apartment,95008
,,,,,,,,"[{'bedroom_type': 'Studio', 'price': ''}, {'bedroom_type': '1 Bedroom', 'price': ''}, {'bedroom_type': '2 Bedrooms', 'price': ''}]",Walnut Creek,Lyric,CA,,Apartment,94596
,,,"$1,895 ","$2,280 ","$3,154 ",,,"[{'bedroom_type': '1 Bedroom', 'price': '$1,895 '}, {'bedroom_type': '2 Bedrooms', 'price': '$2,280 '}, {'bedroom_type': '3 Bedrooms', 'price': '$3,154 '}]",Calabasas,Malibu Canyon Apartments,CA,,Apartment,91302
,,,"$2,025 ","$2,265 ",,,,"[{'bedroom_type': 'Studio', 'price': '$1,825 '}, {'bedroom_type': '1 Bedroom', 'price': '$2,025 '}, {'bedroom_type': '2 Bedrooms', 'price': '$2,265 '}]",Los Angeles,The Orsini,CA,"$1,825 ",Apartment,90012
,,,"$2,225 ","$2,730 ","$3,795 ",,,"[{'bedroom_type': 'Studio', 'price': ''}, {'bedroom_type': '1 Bedroom', 'price': '$2,225 '}, {'bedroom_type': '2 Bedrooms', 'price': '$2,730 '}, {'bedroom_type': '3 Bedrooms', 'price': '$3,795 '}]",Costa Mesa,Baker Block,CA,,Apartment,92626
,,,,,,,,"[{'bedroom_type': '\r\n                        Studio\r\n                            –\r\n2 Bedrooms                    ', 'price': ''}]",Porter Ranch,Tesoro at Porter Ranch,CA,,Apartment,91326
,,,"$1,743 ","$1,917 ","$2,405 ",,,"[{'bedroom_type': '1 Bedroom', 'price': '$1,743 '}, {'bedroom_type': '2 Bedrooms', 'price': '$1,917 '}, {'bedroom_type': '3 Bedrooms', 'price': '$2,405 '}]",Rancho Cucamonga,Del Mar/Del Mar II,CA,,Apartment,91730
,,,,"$1,845 ",,,,"[{'bedroom_type': '1 Bedroom', 'price': ''}, {'bedroom_type': '2 Bedrooms', 'price': '$1,845 '}]",La Palma,Brookside,CA,,Apartment,90623
,,,,,,,,"[{'bedroom_type': '1 Bedroom', 'price': ''}, {'bedroom_type': '2 Bedrooms', 'price': ''}]",Stockton,Quailwood Apartments,CA,,Apartment,95207
,,,"$2,230 ","$2,775 ",,,,"[{'bedroom_type': 'Studio', 'price': '$2,070 '}, {'bedroom_type': '1 Bedroom', 'price': '$2,230 '}, {'bedroom_type': '2 Bedrooms', 'price': '$2,775 '}]",Irvine,Centerpointe Apartment Homes,CA,"$2,070 ",Apartment,92618
,,,,"$2,695 ",,,,"[{'bedroom_type': 'Studio', 'price': '$1,983 '}, {'bedroom_type': '1 Bedroom', 'price': ''}, {'bedroom_type': '2 Bedrooms', 'price': '$2,695 '}]",Huntington Beach,Beach & Ocean,CA,"$1,983 ",Apartment,92648
,,,"$2,172 ","$2,585 ",,,,"[{'bedroom_type': '1 Bedroom', 'price': '$2,172 '}, {'bedroom_type': '2 Bedrooms', 'price': '$2,585 '}]",Thousand Oaks,Avalon Thousand Oaks Plaza,CA,,Apartment,91362
,,,"$2,595 ","$3,340 ",,,,"[{'bedroom_type': 'Studio', 'price': '$2,560 '}, {'bedroom_type': '1 Bedroom', 'price': '$2,595 '}, {'bedroom_type': '2 Bedrooms', 'price': '$3,340 '}]",San Jose,River View Apartment Homes,CA,"$2,560 ",Apartment,95134
,,,"$1,795 ","$2,446 ","$3,377 ",,,"[{'bedroom_type': '1 Bedroom', 'price': '$1,795 '}, {'bedroom_type': '2 Bedrooms', 'price': '$2,446 '}, {'bedroom_type': '3 Bedrooms', 'price': '$3,377 '}]",Irvine,Main Street Village,CA,,Apartment,92614
,,,"$1,975 ","$2,664 ",,,,"[{'bedroom_type': 'Studio', 'price': ''}, {'bedroom_type': '1 Bedroom', 'price': '$1,975 '}, {'bedroom_type': '2 Bedrooms', 'price': '$2,664 '}]",Los Angeles,Hampshire Place,CA,,Apartment,90020
,,,"$2,373 ","$3,123 ",,,,"[{'bedroom_type': '1 Bedroom', 'price': '$2,373 '}, {'bedroom_type': '2 Bedrooms', 'price': '$3,123 '}]",Agoura Hills,Avalon Oak Creek,CA,,Apartment,91301
,,,"$2,115 ","$2,645 ",,,,"[{'bedroom_type': 'Studio', 'price': ''}, {'bedroom_type': '1 Bedroom', 'price': '$2,115 '}, {'bedroom_type': '2 Bedrooms', 'price': '$2,645 '}, {'bedroom_type': '3 Bedrooms', 'price': ''}]",San Jose,Cherrywood Apartments,CA,,Apartment,95118
,,,"$2,805 ","$3,835 ",,,,"[{'bedroom_type': 'Studio', 'price': ''}, {'bedroom_type': '1 Bedroom', 'price': '$2,805 '}, {'bedroom_type': '2 Bedrooms', 'price': '$3,835 '}]",Berkeley,Avalon Berkeley,CA,,Apartment,94710
,,,"$1,611 ","$1,943 ","$2,024 ",,,"[{'bedroom_type': '1 Bedroom', 'price': '$1,611 '}, {'bedroom_type': '2 Bedrooms', 'price': '$1,943 '}, {'bedroom_type': '3 Bedrooms', 'price': '$2,024 '}]",Sacramento,Homecoming At Creekside,CA,,Apartment,95835
,,,"$1,635 ","$2,120 ",,,,"[{'bedroom_type': '1 Bedroom', 'price': '$1,635 '}, {'bedroom_type': '2 Bedrooms', 'price': '$2,120 '}, {'bedroom_type': '3 Bedrooms', 'price': ''}]",Rancho Santa Margarita,Villas Antonio Apartment Homes,CA,,Apartment,92688
,,,"$1,835 ","$2,560 ",,,,"[{'bedroom_type': '1 Bedroom', 'price': '$1,835 '}, {'bedroom_type': '2 Bedrooms', 'price': '$2,560 '}]",Mission Viejo,Adagio on the Green,CA,,Apartment,92691
,,,"$1,900 ","$2,469 ",,,,"[{'bedroom_type': '1 Bedroom', 'price': '$1,900 '}, {'bedroom_type': '2 Bedrooms', 'price': '$2,469 '}, {'bedroom_type': '3 Bedrooms', 'price': ''}]",Camarillo,Avalon Camarillo,CA,,Apartment,93012
,,,"$1,945 ","$2,640 ",,,,"[{'bedroom_type': '1 Bedroom', 'price': '$1,945 '}, {'bedroom_type': '2 Bedrooms', 'price': '$2,640 '}, {'bedroom_type': '3 Bedrooms', 'price': ''}]",Woodland Hills,Avalon Warner Place,CA,,Apartment,91303
,,,"$1,510 ","$1,845 ",,,,"[{'bedroom_type': '1 Bedroom', 'price': '$1,510 '}, {'bedroom_type': '2 Bedrooms', 'price': '$1,845 '}, {'bedroom_type': '3 Bedrooms', 'price': ''}]",Roseville,Pinnacle at Galleria,CA,,Apartment,95678
,,,"$2,025 ","$2,550 ","$3,650 ",,,"[{'bedroom_type': 'Studio', 'price': '$1,975 '}, {'bedroom_type': '1 Bedroom', 'price': '$2,025 '}, {'bedroom_type': '2 Bedrooms', 'price': '$2,550 '}, {'bedroom_type': '3 Bedrooms', 'price': '$3,650 '}]",San Diego,La Jolla Crossroads,CA,"$1,975 ",Apartment,92122
,,,"$1,671 ","$2,065 ","$2,538 ",,,"[{'bedroom_type': '1 Bedroom', 'price': '$1,671 '}, {'bedroom_type': '2 Bedrooms', 'price': '$2,065 '}, {'bedroom_type': '3 Bedrooms', 'price': '$2,538 '}]",San Diego,Casoleil,CA,,Apartment,92154
,,,"$1,792 ","$1,988 ",,,,"[{'bedroom_type': 'Studio', 'price': '$1,546 '}, {'bedroom_type': '1 Bedroom', 'price': '$1,792 '}, {'bedroom_type': '2 Bedrooms', 'price': '$1,988 '}]",San Diego,Navajo Bluffs,CA,"$1,546 ",Apartment,92119
,,,"$1,790 ","$1,960 ",,,,"[{'bedroom_type': '1 Bedroom', 'price': '$1,790 '}, {'bedroom_type': '2 Bedrooms', 'price': '$1,960 '}, {'bedroom_type': '3 Bedrooms', 'price': ''}]",Upland,College Park Apartment Homes,CA,,Apartment,91786
,,,"$1,200 ","$1,360 ","$1,595 ",,,"[{'bedroom_type': '1 Bedroom', 'price': '$1,200 '}, {'bedroom_type': '2 Bedrooms', 'price': '$1,360 '}, {'bedroom_type': '3 Bedrooms', 'price': '$1,595 '}]",Sacramento,The Luxe Apartment Homes,CA,,Apartment,95825
,,,,"$4,300 ",,,,"[{'bedroom_type': 'Studio', 'price': ''}, {'bedroom_type': '2 Bedrooms', 'price': '$4,300 '}]",Marina del Rey,Waves MDR,CA,,Apartment,90292
,,,"$1,706 ","$2,017 ",,,,"[{'bedroom_type': '1 Bedroom', 'price': '$1,706 '}, {'bedroom_type': '2 Bedrooms', 'price': '$2,017 '}, {'bedroom_type': '3 Bedrooms', 'price': ''}]",Chino Hills,Portofino,CA,,Apartment,91709
,,,"$1,120 ","$1,550 ",,,,"[{'bedroom_type': 'Studio', 'price': '$1,130 '}, {'bedroom_type': '1 Bedroom', 'price': '$1,120 '}, {'bedroom_type': '2 Bedrooms', 'price': '$1,550 '}, {'bedroom_type': '3 Bedrooms', 'price': ''}]",Riverside,Berkdale Apartments,CA,"$1,130 ",Apartment,92507
,,,"$1,910 ","$2,345 ",,,,"[{'bedroom_type': '1 Bedroom', 'price': '$1,910 '}, {'bedroom_type': '2 Bedrooms', 'price': '$2,345 '}, {'bedroom_type': '3 Bedrooms', 'price': ''}]",Woodland Hills,Warner Villa,CA,,Apartment,91367
,,,$915 ,"$1,050 ",,,,"[{'bedroom_type': '1 Bedroom', 'price': '$915 '}, {'bedroom_type': '2 Bedrooms', 'price': '$1,050 '}]",Fresno,Reflections Apartment Homes,CA,,Apartment,93722
,,,"$1,825 ","$2,395 ",,,,"[{'bedroom_type': 'Studio', 'price': '$1,595 '}, {'bedroom_type': '1 Bedroom', 'price': '$1,825 '}, {'bedroom_type': '2 Bedrooms', 'price': '$2,395 '}]",San Diego,Bay Pointe Apartments,CA,"$1,595 ",Apartment,92109
,,,,,,,,"[{'bedroom_type': '1 Bedroom', 'price': ''}]",Citrus Heights,Huntington Square,CA,,Apartment,95621
,,,"$1,940 ","$2,329 ",,,,"[{'bedroom_type': 'Studio', 'price': '$1,791 '}, {'bedroom_type': '1 Bedroom', 'price': '$1,940 '}, {'bedroom_type': '2 Bedrooms', 'price': '$2,329 '}]",Costa Mesa,3400 Avenue of the Arts Apartments,CA,"$1,791 ",Apartment,92626
,,,,"$1,280 ",,,,"[{'bedroom_type': '1 Bedroom', 'price': ''}, {'bedroom_type': '2 Bedrooms', 'price': '$1,280 '}]",Sacramento,River Terrace,CA,,Apartment,95833
,,,"$1,425 ","$1,575 ",,,,"[{'bedroom_type': '1 Bedroom', 'price': '$1,425 '}, {'bedroom_type': '2 Bedrooms', 'price': '$1,575 '}]",Santa Clarita,Park Sierra,CA,,Apartment,91351
,,,"$2,990 ","$3,365 ",,,,"[{'bedroom_type': '1 Bedroom', 'price': '$2,990 '}, {'bedroom_type': '2 Bedrooms', 'price': '$3,365 '}, {'bedroom_type': '3 Bedrooms', 'price': ''}]",San Jose,Avalon Morrison Park,CA,,Apartment,95126
,,,"$1,635 ","$1,993 ",,,,"[{'bedroom_type': '1 Bedroom', 'price': '$1,635 '}, {'bedroom_type': '2 Bedrooms', 'price': '$1,993 '}, {'bedroom_type': '3 Bedrooms', 'price': ''}]",Lake Forest,eaves Lake Forest,CA,,Apartment,92630
,,,"$2,769 ","$3,859 ",,,,"[{'bedroom_type': '1 Bedroom', 'price': '$2,769 '}, {'bedroom_type': '2 Bedrooms', 'price': '$3,859 '}, {'bedroom_type': '3 Bedrooms', 'price': ''}]",San Mateo,CitySouth,CA,,Apartment,94403
,,,"$2,309 ","$2,584 ","$3,237 ",,,"[{'bedroom_type': '1 Bedroom', 'price': '$2,309 '}, {'bedroom_type': '2 Bedrooms', 'price': '$2,584 '}, {'bedroom_type': '3 Bedrooms', 'price': '$3,237 '}]",Long Beach,Beverly Plaza Apartments,CA,,Apartment,90815
,,,"$2,425 ","$3,150 ",,,,"[{'bedroom_type': '1 Bedroom', 'price': '$2,425 '}, {'bedroom_type': '2 Bedrooms', 'price': '$3,150 '}, {'bedroom_type': '3 Bedrooms', 'price': ''}]",San Diego,Sola,CA,,Apartment,92130
,,,"$1,815 ","$2,334 ",,,,"[{'bedroom_type': 'Studio', 'price': ''}, {'bedroom_type': '1 Bedroom', 'price': '$1,815 '}, {'bedroom_type': '2 Bedrooms', 'price': '$2,334 '}]",Orange,Allure,CA,,Apartment,92868
,,,,"$1,755 ",,,,"[{'bedroom_type': '1 Bedroom', 'price': ''}, {'bedroom_type': '2 Bedrooms', 'price': '$1,755 '}, {'bedroom_type': '3 Bedrooms', 'price': ''}]",Oceanside,The Dylan Apartment Homes,CA,,Apartment,92058
,,,"$1,485 ","$1,725 ",,,,"[{'bedroom_type': '1 Bedroom', 'price': '$1,485 '}, {'bedroom_type': '2 Bedrooms', 'price': '$1,725 '}]",San Diego,Village Glen,CA,,Apartment,92123
,,,"$2,900 ","$3,295 ",,,,"[{'bedroom_type': '1 Bedroom', 'price': '$2,900 '}, {'bedroom_type': '2 Bedrooms', 'price': '$3,295 '}, {'bedroom_type': '3 Bedrooms', 'price': ''}, {'bedroom_type': '4 Bedrooms', 'price': ''}]",San Jose,Santana Row VIA,CA,,Apartment,95128
,,,"$1,150 ","$1,320 ",,,,"[{'bedroom_type': '1 Bedroom', 'price': '$1,150 '}, {'bedroom_type': '2 Bedrooms', 'price': '$1,320 '}]",Citrus Heights,The Orchard,CA,,Apartment,95610
,,,,,,,,"[{'bedroom_type': '1 Bedroom', 'price': ''}, {'bedroom_type': '2 Bedrooms', 'price': ''}]",Loma Linda,Monterey Pines Apartments,CA,,Apartment,92354
,,,,,,,,"[{'bedroom_type': '2 Bedrooms', 'price': ''}, {'bedroom_type': '3 Bedrooms', 'price': ''}]",Carmichael,Vista Torre,CA,,Apartment,95608
,,,,"$1,570 ",,,,"[{'bedroom_type': '1 Bedroom', 'price': ''}, {'bedroom_type': '2 Bedrooms', 'price': '$1,570 '}]",Riverside,Corona Pointe Resort & Townhomes,CA,,Apartment,92505
,,,"$2,435 ","$3,120 ",,,,"[{'bedroom_type': '1 Bedroom', 'price': '$2,435 '}, {'bedroom_type': '2 Bedrooms', 'price': '$3,120 '}, {'bedroom_type': '3 Bedrooms', 'price': ''}]",North Hollywood,NoHo 14,CA,,Apartment,91601
,,,,"$1,710 ",,,,"[{'bedroom_type': '2 Bedrooms', 'price': '$1,710 '}]",Placentia,Highland Orchard Apartments,CA,,Apartment,92870
,,,"$6,000 ","$8,500 ",,,,"[{'bedroom_type': '1 Bedroom', 'price': '$6,000 '}, {'bedroom_type': '2 Bedrooms', 'price': '$8,500 '}]",Los Angeles,8500 Burton,CA,,Apartment,90048
,,,"$2,265 ","$3,080 ",,,,"[{'bedroom_type': 'Studio', 'price': '$1,950 '}, {'bedroom_type': '1 Bedroom', 'price': '$2,265 '}, {'bedroom_type': '2 Bedrooms', 'price': '$3,080 '}]",Los Angeles,sunset + vine,CA,"$1,950 ",Apartment,90028
,,,"$2,333 ",,,,,"[{'bedroom_type': 'Studio', 'price': '$2,201 '}, {'bedroom_type': '1 Bedroom', 'price': '$2,333 '}, {'bedroom_type': '2 Bedrooms', 'price': ''}]",Pasadena,eaves Old Town Pasadena,CA,"$2,201 ",Apartment,91101
,,,,"$2,020 ","$2,220 ",,,"[{'bedroom_type': '2 Bedrooms', 'price': '$2,020 '}, {'bedroom_type': '3 Bedrooms', 'price': '$2,220 '}]",Upland,Country Club Villas/Country Club Terrace,CA,,Apartment,91784
,,,,,,,,"[{'bedroom_type': '1 Bedroom', 'price': ''}, {'bedroom_type': '2 Bedrooms', 'price': ''}]",Fremont,Pinebrook Apartments,CA,,Apartment,94536
,,,"$1,975 ","$2,090 ",,,,"[{'bedroom_type': '1 Bedroom', 'price': '$1,975 '}, {'bedroom_type': '2 Bedrooms', 'price': '$2,090 '}]",El Cerrito,Civic Plaza Apartments,CA,,Apartment,94530
,,,"$1,883 ","$2,184 ","$3,020 ",,,"[{'bedroom_type': '1 Bedroom', 'price': '$1,883 '}, {'bedroom_type': '2 Bedrooms', 'price': '$2,184 '}, {'bedroom_type': '3 Bedrooms', 'price': '$3,020 '}]",Lake Forest,Avalon Baker Ranch,CA,,Apartment,92630
,,,"$1,708 ","$1,824 ",,,,"[{'bedroom_type': '1 Bedroom', 'price': '$1,708 '}, {'bedroom_type': '2 Bedrooms', 'price': '$1,824 '}]",San Diego,The Villas at Camino Bernardo,CA,,Apartment,92127
,,,"$1,925 ","$2,515 ","$2,965 ",,,"[{'bedroom_type': 'Studio', 'price': '$1,825 '}, {'bedroom_type': '1 Bedroom', 'price': '$1,925 '}, {'bedroom_type': '2 Bedrooms', 'price': '$2,515 '}, {'bedroom_type': '3 Bedrooms', 'price': '$2,965 '}]",San Jose,The Woods,CA,"$1,825 ",Apartment,95136
,,,"$1,355 ",,,,,"[{'bedroom_type': '1 Bedroom', 'price': '$1,355 '}]",Escondido,55 + Casa Escondida,CA,,Apartment,92025
,,,"$1,482 ","$1,582 ","$2,068 ",,,"[{'bedroom_type': '1 Bedroom', 'price': '$1,482 '}, {'bedroom_type': '2 Bedrooms', 'price': '$1,582 '}, {'bedroom_type': '3 Bedrooms', 'price': '$2,068 '}]",Sacramento,Monte Bello,CA,,Apartment,95826
,,,"$2,159 ","$2,579 ","$3,624 ",,,"[{'bedroom_type': 'Studio', 'price': '$2,045 '}, {'bedroom_type': '1 Bedroom', 'price': '$2,159 '}, {'bedroom_type': '2 Bedrooms', 'price': '$2,579 '}, {'bedroom_type': '3 Bedrooms', 'price': '$3,624 '}]",Huntington Beach,The Residences at Bella Terra,CA,"$2,045 ",Apartment,92647
,,,"$2,274 ","$3,094 ",,,,"[{'bedroom_type': 'Studio', 'price': '$2,079 '}, {'bedroom_type': '1 Bedroom', 'price': '$2,274 '}, {'bedroom_type': '2 Bedrooms', 'price': '$3,094 '}]",Glendale,AMLI Lex on Orange,CA,"$2,079 ",Apartment,91203
,,,"$2,495 ","$2,980 ","$3,880 ",,,"[{'bedroom_type': 'Studio', 'price': ''}, {'bedroom_type': '1 Bedroom', 'price': '$2,495 '}, {'bedroom_type': '2 Bedrooms', 'price': '$2,980 '}, {'bedroom_type': '3 Bedrooms', 'price': '$3,880 '}]",Walnut Creek,Avalon Walnut Creek,CA,,Apartment,94597
,,,"$2,595 ","$3,595 ",,,,"[{'bedroom_type': '1 Bedroom', 'price': '$2,595 '}, {'bedroom_type': '2 Bedrooms', 'price': '$3,595 '}, {'bedroom_type': '3 Bedrooms', 'price': ''}]",Cupertino,Glenbrook Apartments,CA,,Apartment,95014
,,,"$1,225 ","$1,325 ",,,,"[{'bedroom_type': '1 Bedroom', 'price': '$1,225 '}, {'bedroom_type': '2 Bedrooms', 'price': '$1,325 '}]",Fontana,Maple Hill,CA,,Apartment,92335
,,,,"$1,770 ","$2,319 ",,,"[{'bedroom_type': '2 Bedrooms', 'price': '$1,770 '}, {'bedroom_type': '3 Bedrooms', 'price': '$2,319 '}]",Roseville,Carmel At Woodcreek West,CA,,Apartment,95747
,,,,"$2,195 ",,,,"[{'bedroom_type': 'Studio', 'price': ''}, {'bedroom_type': '1 Bedroom', 'price': ''}, {'bedroom_type': '2 Bedrooms', 'price': '$2,195 '}]",Mission Viejo,ReNew at the Shops,CA,,Apartment,92692
,,,"$1,730 ","$2,030 ",,,,"[{'bedroom_type': '1 Bedroom', 'price': '$1,730 '}, {'bedroom_type': '2 Bedrooms', 'price': '$2,030 '}]",Chino Hills,Capriana at Chino Hills Apartments,CA,,Apartment,91709
,,,"$2,080 ","$2,529 ","$3,160 ",,,"[{'bedroom_type': '1 Bedroom', 'price': '$2,080 '}, {'bedroom_type': '2 Bedrooms', 'price': '$2,529 '}, {'bedroom_type': '3 Bedrooms', 'price': '$3,160 '}]",Los Angeles,IMT Sherman Circle,CA,,Apartment,91405
,,,"$1,705 ","$1,945 ","$2,560 ",,,"[{'bedroom_type': '1 Bedroom', 'price': '$1,705 '}, {'bedroom_type': '2 Bedrooms', 'price': '$1,945 '}, {'bedroom_type': '3 Bedrooms', 'price': '$2,560 '}]",West Covina,Lafayette Parc Apartments,CA,,Apartment,91790
,,,"$1,470 ","$1,800 ",,,,"[{'bedroom_type': 'Studio', 'price': '$1,290 '}, {'bedroom_type': '1 Bedroom', 'price': '$1,470 '}, {'bedroom_type': '2 Bedrooms', 'price': '$1,800 '}]",Thousand Oaks,Charter Oaks Apartments,CA,"$1,290 ",Apartment,91360
,,,"$2,036 ","$2,342 ",,,,"[{'bedroom_type': 'Studio', 'price': '$1,648 '}, {'bedroom_type': '1 Bedroom', 'price': '$2,036 '}, {'bedroom_type': '2 Bedrooms', 'price': '$2,342 '}]",Sacramento,800J Lofts,CA,"$1,648 ",Apartment,95814
,,,"$2,265 ","$3,165 ",,,,"[{'bedroom_type': 'Studio', 'price': '$1,900 '}, {'bedroom_type': '1 Bedroom', 'price': '$2,265 '}, {'bedroom_type': '2 Bedrooms', 'price': '$3,165 '}]",North Hollywood,AVA North Hollywood,CA,"$1,900 ",Apartment,91601
,,,"$2,160 ","$2,590 ",,,,"[{'bedroom_type': 'Studio', 'price': ''}, {'bedroom_type': '1 Bedroom', 'price': '$2,160 '}, {'bedroom_type': '2 Bedrooms', 'price': '$2,590 '}]",Fullerton,Aspect,CA,,Apartment,92832
,,,"$1,199 ","$1,375 ","$1,599 ",,,"[{'bedroom_type': '1 Bedroom', 'price': '$1,199 '}, {'bedroom_type': '2 Bedrooms', 'price': '$1,375 '}, {'bedroom_type': '3 Bedrooms', 'price': '$1,599 '}]",Fresno,Dominion Heights,CA,,Apartment,93720
,,,"$1,310 ","$1,340 ",,,,"[{'bedroom_type': '1 Bedroom', 'price': '$1,310 '}, {'bedroom_type': '2 Bedrooms', 'price': '$1,340 '}]",San Bernardino,Ridgeline Apartments,CA,,Apartment,92407
,,,,,"$1,800 ",,,"[{'bedroom_type': '2 Bedrooms', 'price': ''}, {'bedroom_type': '3 Bedrooms', 'price': '$1,800 '}]",Pomona,Virginia Square Townhomes,CA,,Apartment,91768
,,,"$1,483 ","$1,666 ","$2,389 ",,,"[{'bedroom_type': '1 Bedroom', 'price': '$1,483 '}, {'bedroom_type': '2 Bedrooms', 'price': '$1,666 '}, {'bedroom_type': '3 Bedrooms', 'price': '$2,389 '}]",Long Beach,Seaport Village,CA,,Apartment,90805
,,,"$1,810 ","$2,090 ",,,,"[{'bedroom_type': '1 Bedroom', 'price': '$1,810 '}, {'bedroom_type': '2 Bedrooms', 'price': '$2,090 '}]",Norwalk,Norwalk MetroPointe,CA,,Apartment,90650
,,,"$1,850 ","$2,165 ",,,,"[{'bedroom_type': '1 Bedroom', 'price': '$1,850 '}, {'bedroom_type': '2 Bedrooms', 'price': '$2,165 '}, {'bedroom_type': '3 Bedrooms', 'price': ''}]",Oceanside,Capella at Rancho Del Oro Luxury Apartment...,CA,,Apartment,92057
,,,,"$2,200 ",,,,"[{'bedroom_type': '1 Bedroom', 'price': ''}, {'bedroom_type': '2 Bedrooms', 'price': '$2,200 '}]",San Diego,Loft2015,CA,,Apartment,92110
,,,"$3,922 ","$5,273 ",,,,"[{'bedroom_type': 'Studio', 'price': '$3,547 '}, {'bedroom_type': '1 Bedroom', 'price': '$3,922 '}, {'bedroom_type': '2 Bedrooms', 'price': '$5,273 '}]",San Francisco,Channel Mission Bay,CA,"$3,547 ",Apartment,94158
,,,"$2,180 ","$2,813 ","$3,737 ",,,"[{'bedroom_type': 'Studio', 'price': '$1,910 '}, {'bedroom_type': '1 Bedroom', 'price': '$2,180 '}, {'bedroom_type': '2 Bedrooms', 'price': '$2,813 '}, {'bedroom_type': '3 Bedrooms', 'price': '$3,737 '}]",San Diego,Vive on the Park,CA,"$1,910 ",Apartment,92123
,,,"$1,710 ","$1,970 ","$2,275 ",,,"[{'bedroom_type': '1 Bedroom', 'price': '$1,710 '}, {'bedroom_type': '2 Bedrooms', 'price': '$1,970 '}, {'bedroom_type': '3 Bedrooms', 'price': '$2,275 '}]",Ontario,Paloma Apartment Homes,CA,,Apartment,91761
